model,accuracy
logistic_regression,0.676923076923077
linear_svm,0.7076923076923077
